{"cameraMode":{"drawMode":0,"name":"Shaded","section":"Shading Mode"},"sceneLighting":true,"audioPlay":false,"sceneViewState":{"m_AlwaysRefresh":false,"showFog":true,"showSkybox":true,"showFlares":true,"showImageEffects":true,"showParticleSystems":true,"showVisualEffectGraphs":true,"m_FxEnabled":true},"in2DMode":false,"pivot":{"x":0.1251329481601715,"y":-0.11758823692798615,"z":-0.2642470598220825},"rotation":{"x":0.19209881126880647,"y":-0.2810831069946289,"z":0.05753377825021744,"w":0.9385004639625549},"size":1.8591071367263795,"orthographic":true}