{"cameraMode":{"drawMode":0,"name":"Shaded","section":"Shading Mode"},"sceneLighting":true,"audioPlay":false,"sceneViewState":{"m_AlwaysRefresh":false,"showFog":true,"showSkybox":true,"showFlares":true,"showImageEffects":true,"showParticleSystems":true,"showVisualEffectGraphs":true,"m_FxEnabled":true},"in2DMode":false,"pivot":{"x":-4.006595611572266,"y":4.433259010314941,"z":5.449560165405273},"rotation":{"x":0.06490433216094971,"y":0.9321760535240173,"z":-0.21071432530879975,"w":0.28713199496269228},"size":4.5757880210876469,"orthographic":true}